q,phase
0.601201146047605, 13.961731971337093
0.6051951709276129, 14.498208568379326
0.6101430110686649, 15.12044518981552
0.6155132726026056, 15.964704985516084
0.6204182583994514, 16.755602988260407
0.6245571749651043, 17.69005969850587
0.628408756979136, 18.34374166221985
0.6324595160367078, 19.276620149794176
0.6363768144223234, 19.815002525156274
0.6407214222744637, 20.83999859448849
0.6456333527708394, 21.85958999561671
0.6508550493896317, 23.093894124485438
0.6552070132664806, 24.01978972118463
0.6593144969359144, 24.987925107676475
0.663904818971006, 26.269248361030645
0.6677490449603292, 27.72398255259948
0.6720193847034479, 28.69307082825126
0.6761476929057695, 30.25580905054124
0.6800764031736704, 31.672442564605884
0.6843957193101675, 33.08971630107486
0.6890517481511411, 34.70866753935432
0.6929751590202272, 36.59189663058393
0.6971601918344108, 38.32360890093764
0.7006734254089529, 39.93113291374447
0.7047911156822412, 41.68985363622503
0.7082133411695563, 43.54195005193246
0.7116494560559311, 45.545243177313615
0.7153679887231854, 47.287124561670986
0.7188587811612304, 49.38601926980103
0.722459349593496, 51.53733032617396
0.7258950435889902, 53.827122977492756
0.7300262023704575, 56.499024181944655
0.7333900770765991, 58.81167872865528
0.736221314373347, 60.784479400918585
0.7389643941620139, 62.94435901528434
0.742583749632677, 65.13283274889464
0.7452419433832893, 67.54490787944046
0.7476275146316975, 69.4942064339076
0.7504644722181408, 71.54990101863851
0.7533140756624057, 73.80348388187986
0.7560885883472916, 76.26130513654901
0.7592687824468607, 78.54951212075011
0.7617645505803703, 80.67858661524241
0.7644639533744735, 83.00744772211846
0.766734009207562, 84.63402207367739
0.7690767261117641, 86.56108406626392
0.7714349394529337, 88.13779551475072
0.7733299049857969, 89.8380698872732
0.7757264959227153, 91.76957621445723
0.7780879616025076, 93.72617777100167
0.7807339112547752, 95.51475072419576
0.783377010327897, 97.47230144767686
0.7861225389362327, 99.61185400070514
0.788657889943922, 101.13171221079814
0.7909193749081693, 102.86501759271611
0.7933714660471154, 104.33882073415344
0.795464785973161, 106.04671449773213
0.7986894797176511, 107.87245012816359
0.8013648152059458, 109.61560451288305
0.8038813791752376, 111.28316054276566
0.8071428052147616, 113.29438944818189
0.8089724752669214, 114.51408757289602
0.8117808696676952, 115.77063198586865
0.8144504848662946, 117.21934362016884
0.8170976589283966, 118.48636609167747
0.8196583207831326, 119.75942600934783