q2,Fpi_sq,error,Source
0.6,0.187489,0.015488,JLab
0.75,0.116281,0.01024,JLab
1,0.097344,0.00672,JLab
1.6,0.054289,0.029601,JLab
0.35,0.399424,0.022287,JLab
0.7,0.223729,0.005976,JLab
1.6,0.059049,0.00344,JLab
2.45,0.027889,0.01,JLab
0.015,0.944,0.007,NA7
0.017,0.921,0.006,NA7
0.019,0.933,0.006,NA7
0.021,0.926,0.006,NA7
0.023,0.914,0.007,NA7
0.025,0.905,0.007,NA7
0.027,0.898,0.008,NA7
0.029,0.884,0.008,NA7
0.031,0.884,0.009,NA7
0.033,0.89,0.009,NA7
0.035,0.866,0.01,NA7
0.037,0.876,0.011,NA7
0.039,0.857,0.011,NA7
0.042,0.849,0.009,NA7
0.046,0.837,0.009,NA7
0.05,0.83,0.01,NA7
0.054,0.801,0.011,NA7
0.058,0.8,0.012,NA7
0.062,0.809,0.012,NA7
0.066,0.786,0.014,NA7
0.07,0.785,0.015,NA7
0.074,0.777,0.016,NA7
0.078,0.769,0.017,NA7
0.083,0.757,0.015,NA7
0.089,0.715,0.016,NA7
0.095,0.724,0.018,NA7
0.101,0.68,0.017,NA7
0.107,0.696,0.019,NA7
0.113,0.688,0.02,NA7
0.119,0.676,0.021,NA7
0.125,0.665,0.023,NA7
0.131,0.651,0.024,NA7
0.137,0.646,0.027,NA7
0.144,0.616,0.023,NA7
0.153,0.654,0.023,NA7
0.163,0.563,0.024,NA7
0.173,0.534,0.03,NA7
0.183,0.586,0.034,NA7
0.193,0.544,0.036,NA7
0.203,0.529,0.04,NA7
0.213,0.616,0.048,NA7
0.223,0.487,0.049,NA7
0.233,0.417,0.058,NA7
0.243,0.593,0.074,NA7
0.253,0.336,0.073,NA7
0.0317,0.903,0.026,Fermilab
0.0337,0.91,0.027,Fermilab
0.0358,0.927,0.03,Fermilab
0.0378,0.988,0.033,Fermilab
0.0399,0.911,0.034,Fermilab
0.0419,0.93,0.038,Fermilab
0.0439,0.879,0.039,Fermilab
0.046,0.881,0.04,Fermilab
0.048,0.88,0.043,Fermilab
0.0501,0.927,0.047,Fermilab
0.0521,0.971,0.052,Fermilab
0.0542,0.915,0.054,Fermilab
0.0562,0.735,0.053,Fermilab
0.0583,0.779,0.059,Fermilab
0.0603,0.853,0.065,Fermilab
0.0623,0.87,0.071,Fermilab
0.0644,0.818,0.075,Fermilab
0.0664,0.813,0.081,Fermilab
0.0685,0.79,0.087,Fermilab
0.0705,0.768,0.095,Fermilab
1.216,0.085264,0.01586,CESR
1.198,0.093025,0.010659,CESR
1.712,0.060516,0.008653,CESR
3.301,0.015129,0.003915,CESR
1.988,0.039601,0.006195,CESR
3.991,0.010201,0.004199,CESR
0.176,0.617796,0.072765,CEA
0.294,0.367236,0.03472,CEA
0.396,0.3025,0.016725,CEA
0.795,0.1444,0.010049,CEA
1.188,0.065536,0.006825,CEA
0.620,0.205209,0.01288,CORNELL 71
1.069,0.103041,0.011203,CORNELL 71
1.204,0.077841,0.00568,CORNELL 71
1.314,0.063504,0.006192,CORNELL 71
1.200,0.072361,0.006039,CORNELL 71
2.015,0.030276,0.00358,CORNELL 71