q2,Fpi_sq,error,Source,I
0.088, 1.434,0.666,BELLE,1
0.125, 1.707,0.369,BELLE,1
0.175, 2.362,0.341,BELLE,1
0.225, 3.211,0.252,BELLE,1
0.275, 4.260,0.134,BELLE,1
0.325, 5.622,0.074,BELLE,1
0.375, 8.492,0.088,BELLE,1
0.425, 13.392,0.206,BELLE,1
0.475, 21.894,0.290,BELLE,1
0.525, 33.384,0.306,BELLE,1
0.575, 40.996,0.295,BELLE,1
0.625, 34.503,0.268,BELLE,1
0.675, 23.936,0.233,BELLE,1
0.725, 15.324,0.129,BELLE,1
0.775, 10.525,0.149,BELLE,1
0.825, 7.637,0.121,BELLE,1
0.875, 5.693,0.060,BELLE,1
0.925, 4.350,0.069,BELLE,1
0.975, 3.435,0.057,BELLE,1
1.025, 2.851,0.044,BELLE,1
1.075, 2.439,0.056,BELLE,1
1.125, 2.087,0.028,BELLE,1
1.175, 1.847,0.059,BELLE,1
1.225, 1.667,0.053,BELLE,1
1.275, 1.486,0.022,BELLE,1
1.325, 1.339,0.042,BELLE,1
1.375, 1.229,0.027,BELLE,1
1.425, 1.132,0.034,BELLE,1
1.475, 1.025,0.035,BELLE,1
1.525, 0.913,0.030,BELLE,1
1.575, 0.818,0.019,BELLE,1
1.625, 0.711,0.017,BELLE,1
1.675, 0.636,0.017,BELLE,1
1.725, 0.576,0.015,BELLE,1
1.775, 0.511,0.014,BELLE,1
1.825, 0.439,0.013,BELLE,1
1.875, 0.382,0.013,BELLE,1
1.925, 0.318,0.012,BELLE,1
1.975, 0.255,0.011,BELLE,1
2.025, 0.211,0.010,BELLE,1
2.075, 0.162,0.010,BELLE,1
2.125, 0.117,0.009,BELLE,1
2.175, 0.085,0.009,BELLE,1
2.225, 0.060,0.008,BELLE,1
2.275, 0.040,0.006,BELLE,1
2.325, 0.027,0.010,BELLE,1
2.375, 0.019,0.020,BELLE,1
2.425, 0.017,0.025,BELLE,1
2.475, 0.017,0.020,BELLE,1
2.525, 0.019,0.011,BELLE,1
2.575, 0.024,0.007,BELLE,1
2.625, 0.036,0.010,BELLE,1
2.675, 0.050,0.015,BELLE,1
2.725, 0.066,0.021,BELLE,1
2.775, 0.083,0.025,BELLE,1
2.825, 0.102,0.053,BELLE,1
2.875, 0.132,0.086,BELLE,1
2.925, 0.165,0.120,BELLE,1
2.975, 0.178,0.090,BELLE,1
3.025, 0.165,0.084,BELLE,1
3.075, 0.203,0.113,BELLE,1
3.125, 0.287,0.160,BELLE,1
0.10691592039999999,1.67672,0.11559161579847645,CMD-3,0
0.12028411240000002,1.84382,0.09298776803162129,CMD-3,0
0.13443955559999998,2.02381,0.08087809280182333,CMD-3,0
0.14939771039999997,2.02441,0.07919093970311056,CMD-3,0
0.1651284496,2.15197,0.08466485514837398,CMD-3,0
0.18164644000000002,2.54968,0.07621041864430635,CMD-3,0
0.1989695236,2.82691,0.06649706404947237,CMD-3,0
0.21706281,2.98538,0.09046776398361005,CMD-3,0
0.23596277760000003,3.23239,0.08088993279890096,CMD-3,0
0.25522906080400004,3.81638,0.051332870250125326,CMD-3,0
0.27579512624400004,4.40872,0.09508805282258609,CMD-3,0
0.29712637864900004,4.82854,0.09774615424266138,CMD-3,0
0.319393392201,5.82401,0.1010049199683004,CMD-3,0
0.342239040144,7.09554,0.13605121391621947,CMD-3,0
0.36587013638399996,8.02728,0.1439760297315182,CMD-3,0
0.390348798841,10.2099,0.17966450088840719,CMD-3,0
0.41554010137599995,12.9387,0.18388367607997727,CMD-3,0
0.44162537340099994,16.1715,0.16382961723146242,CMD-3,0
0.4684375806249999,21.1272,0.2580511513354969,CMD-3,0
0.49590749884900004,27.0994,0.31141480606381305,CMD-3,0
0.5243497744,35.0275,0.40631004795246695,CMD-3,0
0.5356190595999999,38.0329,0.42787352731934497,CMD-3,0
0.5463412442009999,40.6852,0.4009670758885832,CMD-3,0
0.5483624652250001,41.0051,0.4087808396650439,CMD-3,0
0.553216126225,42.0883,0.4999158673923351,CMD-3,0
0.559128567001,43.3556,0.5766439980063253,CMD-3,0
0.5650754412250001,43.6411,0.5740353923114692,CMD-3,0
0.571085512804,44.8058,0.5185244440096398,CMD-3,0
0.5716252114810001,44.7941,0.4331429439255582,CMD-3,0
0.576940508356,44.9776,0.5851027631932197,CMD-3,0
0.583081905604,45.3922,0.44291107346028913,CMD-3,0
0.589787136576,45.6897,0.4723990431195305,CMD-3,0
0.5953248943289999,46.0723,0.6015789782550143,CMD-3,0
0.600809464161,46.2782,0.4530933036477689,CMD-3,0
0.601755481441,46.823,0.607795331426385,CMD-3,0
0.6061572307209999,46.3209,0.4587673863387663,CMD-3,0
0.6070606978809999,45.9278,0.47226834409417534,CMD-3,0
0.609551824644,43.3944,0.5671735914592283,CMD-3,0
0.610181261881,42.6917,0.43255002104038426,CMD-3,0
0.611572484961,40.6709,0.5566849069993509,CMD-3,0
0.612923015236,37.457,0.41580852005264346,CMD-3,0
0.6129480681,37.3161,0.4022674382593524,CMD-3,0
0.6144678544000001,34.5625,0.4762983682173398,CMD-3,0
0.6160366144,32.5716,0.44946404238943083,CMD-3,0
0.616273670961,32.5688,0.3253872746557479,CMD-3,0
0.618901610209,31.5954,0.32553344505511916,CMD-3,0
0.621848953476,31.2133,0.3145636075634932,CMD-3,0
0.6232313025,30.9239,0.43158013975102877,CMD-3,0
0.628007115961,31.1836,0.31400435141731536,CMD-3,0
0.631176225156,31.0533,0.4256062952083031,CMD-3,0
0.636255094336,30.5207,0.4038381708380714,CMD-3,0
0.639979200169,29.7969,0.3052378100915957,CMD-3,0
0.6463838404000001,29.031,0.35102076922163306,CMD-3,0
0.671865466276,24.0906,0.2803614950487577,CMD-3,0
0.675097219449,23.7793,0.27562192392168977,CMD-3,0
0.7113707911839999,17.527,0.22983722424084832,CMD-3,0
0.744209880976,13.3273,0.18993540632324946,CMD-3,0
0.774290883844,10.7096,0.12915247683285128,CMD-3,0
0.7800210433439999,10.3088,0.17826575797674743,CMD-3,0
0.8147228644,8.03671,0.1468287819894323,CMD-3,0
0.851037615289,6.42005,0.09060041079972679,CMD-3,0
0.8869740548489999,5.2309,0.10338808727336998,CMD-3,0
0.9173559373690001,4.55515,0.06281258042990741,CMD-3,0
0.9252997056250001,4.35173,0.09391873124934673,CMD-3,0
0.963717219481,3.72287,0.09339363070304776,CMD-3,0
0.9695434997160001,3.6376,0.06357435255039953,CMD-3,0
1.008524088009,3.081644,0.07446464806593132,CMD-3,0
1.021451827561,2.848283,0.05391801630681888,CMD-3,0
1.0263979507689998,2.739542,0.05727407091176117,CMD-3,0
1.0327254453610002,2.630069,0.06890056279056529,CMD-3,0
1.034836218361,2.493587,0.05442057098656319,CMD-3,0
1.0366131321640002,2.517022,0.05422724316345517,CMD-3,0
1.038715642276,2.583592,0.058346045005972326,CMD-3,0
1.0403734801689999,2.725134,0.06275751421016633,CMD-3,0
1.042884161089,2.92358,0.06395039337707606,CMD-3,0
1.044665923921,2.958727,0.0765286194714082,CMD-3,0
1.046271219876,2.870525,0.07594162485358454,CMD-3,0
1.056744936361,2.757332,0.07356817573517654,CMD-3,0
1.0686783453609998,2.651998,0.07492307084297878,CMD-3,0
1.0813566536889998,2.603593,0.07169997860519321,CMD-3,0
1.1023005090250002,2.256065,0.053690946427940256,CMD-3,0
1.1241406650249999,2.200483,0.06672380950045012,CMD-3,0
0.30006731065600006,5.01532,0.037904475853827516,CMD-3,0
0.313883424009,5.46125,0.08675049461392455,CMD-3,0
0.3251394441,6.01934,0.07876435980245494,CMD-3,0
0.336554297689,6.48121,0.07603984858978086,CMD-3,0
0.348297087889,7.24495,0.09952004043654644,CMD-3,0
0.360172820736,7.88425,0.10019846798852343,CMD-3,0
0.37217808409600006,8.67134,0.11608136246139465,CMD-3,0
0.38460958856099997,9.72185,0.11943101078599083,CMD-3,0
0.3970045868889999,10.7648,0.1247779996856486,CMD-3,0
0.40959616000900007,11.8979,0.13605716112315885,CMD-3,0
0.42327515521599995,13.6324,0.1475709636840137,CMD-3,0
0.43609514062500004,15.2379,0.16339135411185884,CMD-3,0
0.44917340161600006,17.3768,0.17881391995378293,CMD-3,0
0.46197033985599995,19.675,0.13517042431837228,CMD-3,0
0.46264619276100005,19.5755,0.19811042960698322,CMD-3,0
0.475517818084,22.6101,0.19767898401740663,CMD-3,0
0.4760999999999999,22.7049,0.18577810841304446,CMD-3,0
0.48958708702500003,26.0439,0.2580227740995215,CMD-3,0
0.490061601936,25.8325,0.2013444555483271,CMD-3,0
0.504046041444,29.5123,0.2491567643285699,CMD-3,0
0.504607067449,29.753,0.27530392662351194,CMD-3,0
0.5182804868890001,33.4569,0.22981955191167977,CMD-3,0
0.5188335306009999,33.6208,0.3139449879615076,CMD-3,0
0.523837222756,34.9852,0.25268105739551483,CMD-3,0
0.5244772272639999,35.2806,0.3158301249108157,CMD-3,0
0.529524003856,36.7226,0.32470096829622025,CMD-3,0
0.5302315489,36.9076,0.3368144204128777,CMD-3,0
0.535784472729,38.303,0.3435283220095106,CMD-3,0
0.5358796334439999,37.9931,0.31470481568966413,CMD-3,0
0.541072051776,39.634,0.3098473307427256,CMD-3,0
0.5418638209960001,39.6619,0.34674387381722244,CMD-3,0
0.547520082916,41.0309,0.3536472048049993,CMD-3,0
0.553632724225,42.1467,0.35610121590032323,CMD-3,0
0.559556361225,43.2181,0.3591818264122769,CMD-3,0
0.565479936256,43.8501,0.3673924427280444,CMD-3,0
0.562504500009,43.6553,0.29698193399037787,CMD-3,0
0.571658478561,44.8702,0.3804176177841292,CMD-3,0
0.577634960529,45.2769,0.3698962931054495,CMD-3,0
0.5783252675289999,45.3895,0.32113593735594337,CMD-3,0
0.5835676550560001,45.5684,0.3760471593301623,CMD-3,0
0.589506090849,45.769,0.3588848412430287,CMD-3,0
0.5957169179290001,46.0995,0.3677812465080299,CMD-3,0
0.5987509641,46.2377,0.3872862386430831,CMD-3,0
0.600676151089,46.5158,0.32821023586142484,CMD-3,0
0.6007629579210001,46.5341,0.39945636291314074,CMD-3,0
0.602217904729,46.6759,0.38188145739864365,CMD-3,0
0.6036388713640001,46.5301,0.400750424121209,CMD-3,0
0.605170417329,46.521,0.3259450745934943,CMD-3,0
0.605319788529,46.7594,0.37374821761591714,CMD-3,0
0.6068861828409999,46.1283,0.3798816066709037,CMD-3,0
0.608362560576,45.1711,0.3846217908750474,CMD-3,0
0.6098719692490001,42.8365,0.3839070255973237,CMD-3,0
0.6099438181210001,42.8582,0.32836953207490915,CMD-3,0
0.6113457169959999,40.4487,0.3870575284520173,CMD-3,0
0.6126615565289999,37.8002,0.3236509737532901,CMD-3,0
0.6127742744010001,37.4929,0.3591912553519283,CMD-3,0
0.6146215044839999,34.5144,0.33137161435553897,CMD-3,0
0.6162014502250001,32.6188,0.2437936865830263,CMD-3,0
0.616253260324,32.6131,0.28635940324859055,CMD-3,0
0.6179311993959999,31.727,0.26486367051107096,CMD-3,0
0.620602055089,31.3936,0.22690854423959983,CMD-3,0
0.620955032049,31.2278,0.25945601468607243,CMD-3,0
0.6242706516640001,31.2185,0.26191655010813797,CMD-3,0
0.627002667225,31.4016,0.2327194821515337,CMD-3,0
0.6273954788889999,31.369,0.2636568310798107,CMD-3,0
0.6305471649000001,31.3072,0.2636938754738195,CMD-3,0
0.6336956025,30.6052,0.2550533213936429,CMD-3,0
0.6367114353640001,30.6804,0.26989172891378904,CMD-3,0
0.641046827716,29.9476,0.25085798221758393,CMD-3,0
0.6570075135999999,26.5518,0.2284326985264062,CMD-3,0
0.6728231865640001,23.9598,0.2100098902893919,CMD-3,0
0.6886493628009999,20.9519,0.19151267956892837,CMD-3,0
0.705594960009,18.0043,0.17665770576658324,CMD-3,0
0.7234012809,15.6977,0.14651024496803158,CMD-3,0
0.739971566656,13.8114,0.14818334150867873,CMD-3,0
0.7573559486439999,11.9622,0.12354615654124738,CMD-3,0
0.774655221025,10.6154,0.11809882955734688,CMD-3,0
0.791688873361,9.46867,0.105850166809047,CMD-3,0
0.8096562364809999,8.24994,0.0916984770763086,CMD-3,0
0.8270320045690001,7.47465,0.06893068958154819,CMD-3,0
0.8283056727689999,7.30994,0.10140818167026597,CMD-3,0
0.847423349136,6.57868,0.06376252936107572,CMD-3,0
0.8475927399040001,6.5349,0.0861479973957562,CMD-3,0
0.864239826025,6.00562,0.05975364101302073,CMD-3,0
0.865731619809,5.85476,0.07687143338200604,CMD-3,0
0.8841283589610001,5.37545,0.07876274013132278,CMD-3,0
0.9024848000639999,4.80472,0.06665626570808525,CMD-3,0
0.9222798053160001,4.50628,0.06942317543625781,CMD-3,0
0.942039124569,4.04069,0.060956832908678774,CMD-3,0
0.9614704581160001,3.58543,0.07644472834725877,CMD-3,0
0.968750031001,3.6406,0.0516388279830116,CMD-3,0
0.9801,3.46913,0.07144534837837942,CMD-3,0
0.999970000225,3.22079,0.0708942857082848,CMD-3,0
1.0009002025000002,3.19398,0.05839270582948034,CMD-3,0
1.003717448449,3.15765,0.05228073420659198,CMD-3,0
1.0119575335210003,2.97556,0.043214895389811034,CMD-3,0
1.019304275236,2.912892,0.055803531493089975,CMD-3,0
1.0317074329,2.65221,0.047291476522561486,CMD-3,0
1.033868004849,2.553453,0.03936795289323031,CMD-3,0
1.036150947225,2.454866,0.039948328345834436,CMD-3,0
1.0384751311359999,2.574445,0.0394812585672012,CMD-3,0
1.040228647056,2.717981,0.04658018046737039,CMD-3,0
1.0404571207839999,2.727623,0.04986866964562348,CMD-3,0
1.042244977216,2.881229,0.04737037074254716,CMD-3,0
1.0446413939289998,2.991258,0.050086978859059154,CMD-3,0
1.046318272609,2.96754,0.05238319379406636,CMD-3,0
1.056235119289,2.807145,0.05122566889064973,CMD-3,0
1.0687631160999997,2.603195,0.04843080374776265,CMD-3,0
1.081192358416,2.538521,0.049424059188555025,CMD-3,0
1.1020674424359997,2.315182,0.044787047138375724,CMD-3,0
1.1235788001,2.226884,0.045098408548929596,CMD-3,0
1.209918601369,1.723285,0.034966471403447025,CMD-3,0
1.3216031521,1.430278,0.033711864643784166,CMD-3,0
1.438003892224,1.104812,0.027910152252693044,CMD-3,0
0.129853563904,1.78131,0.038014332597060774,CMD-3,0
0.145136617024,1.94997,0.0376475936852434,CMD-3,0
0.160047203481,2.16843,0.041078544682764825,CMD-3,0
0.176434441681,2.36718,0.04044193405787433,CMD-3,0
0.19400501160000003,2.59649,0.0644813074259123,CMD-3,0
0.21202985808900002,2.96239,0.04924178313013886,CMD-3,0
0.23126000102500002,3.20992,0.04677808277394631,CMD-3,0
0.2494403136,3.71247,0.05705346637639579,CMD-3,0
0.27104518439999997,4.16023,0.056209076920588644,CMD-3,0
0.29178038788899996,4.75178,0.05139166867078907,CMD-3,0
0.31388006250000006,5.64742,0.0611852170466228,CMD-3,0
0.336984894016,6.66192,0.06841547471741005,CMD-3,0
0.36146789328400003,7.93032,0.09411116183697463,CMD-3,0
0.36,7.89,0.33,CMD-2,0
0.3969,10.53,0.29,CMD-2,0
0.4356,14.21,0.34,CMD-2,0
0.4761,21.27,0.42,CMD-2,0
0.5184,31.96,0.41,CMD-2,0
0.5625,42.13,0.62,CMD-2,0
0.5776,43.62,0.83,CMD-2,0
0.583696,44.48,0.73,CMD-2,0
0.5929,44.17,0.74,CMD-2,0
0.599076,45.46,0.53,CMD-2,0
0.605284,44.52,0.42,CMD-2,0
0.6084,43.0,0.56,CMD-2,0
0.609961,41.4,0.53,CMD-2,0
0.611524,39.64,0.2,CMD-2,0
0.613089,36.46,0.42,CMD-2,0
0.614656,33.8,0.37,CMD-2,0
0.617796,31.25,0.38,CMD-2,0
0.6241,31.05,0.61,CMD-2,0
0.630436,30.61,0.48,CMD-2,0
0.64,29.82,0.39,CMD-2,0
0.6561,26.78,0.38,CMD-2,0
0.6724,23.44,0.26,CMD-2,0
0.7056,17.89,0.2,CMD-2,0
0.7744,10.37,0.15,CMD-2,0
0.8464,6.76,0.09,CMD-2,0
0.8836,5.2,0.12,CMD-2,0
0.9025,4.75,0.1,CMD-2,0
0.917764,4.26,0.09,CMD-2,0
0.9409,3.94,0.09,CMD-2,0
0.1139, 1.6809, 0.7284,CLEO,1
0.1314, 1.5684, 0.4244,CLEO,1
0.1502, 2.1364, 0.3561,CLEO,1
0.1702, 1.7651, 0.3160,CLEO,1
0.1914, 2.2580, 0.2811,CLEO,1
0.2139, 3.2244, 0.2648,CLEO,1
0.2377, 3.4638, 0.2533,CLEO,1
0.2627, 3.7295, 0.2450,CLEO,1
0.2889, 4.4332, 0.2444,CLEO,1
0.3164, 5.4739, 0.2395,CLEO,1
0.3452, 6.8110, 0.2454,CLEO,1
0.3752, 9.0103, 0.2600,CLEO,1
0.4064, 11.1436, 0.2692,CLEO,1
0.4389, 15.1058, 0.2937,CLEO,1
0.4727, 21.2705, 0.3238,CLEO,1
0.5077, 29.3922, 0.3590,CLEO,1
0.5439, 36.7779, 0.3854,CLEO,1
0.5814, 40.3444, 0.3876,CLEO,1
0.6202, 35.4080, 0.3494,CLEO,1
0.6602, 27.0674, 0.2959,CLEO,1
0.7014, 18.8892, 0.2371,CLEO,1
0.7439, 13.1000, 0.1936,CLEO,1
0.7877, 9.3766, 0.1581,CLEO,1
0.8327, 7.4082, 0.1385,CLEO,1
0.8789, 5.7797, 0.1199,CLEO,1
0.9264, 4.3811, 0.1021,CLEO,1
0.9752, 3.5493, 0.0931,CLEO,1
1.0506, 2.7631, 0.0654,CLEO,1
1.1556, 2.0675, 0.0561,CLEO,1
1.2656, 1.5490, 0.0474,CLEO,1
1.3806, 1.2566, 0.0433,CLEO,1
1.5006, 0.9717, 0.0380,CLEO,1
1.6256, 0.6971, 0.0326,CLEO,1
1.7556, 0.5235, 0.0305,CLEO,1
1.8906, 0.3662, 0.0263,CLEO,1
2.0306, 0.1648, 0.0198,CLEO,1
2.1756, 0.0837, 0.0170,CLEO,1
2.3256, 0.0264, 0.0119,CLEO,1
2.4806, 0.0307, 0.0130,CLEO,1
2.6406, 0.0565, 0.0216,CLEO,1
2.8056, 0.0467, 0.0350,CLEO,1
1.7689,0.66,0.42,VEPP-2M,0
1.7161,0.33,0.42,VEPP-2M,0
1.6641,0.47,0.29,VEPP-2M,0
1.6129,0.76,0.29,VEPP-2M,0
1.5625,1.06,0.33,VEPP-2M,0
1.5129,1.26,0.31,VEPP-2M,0
1.4641,1.63,0.34,VEPP-2M,0
1.4161,1.34,0.35,VEPP-2M,0
1.3689,1.36,0.37,VEPP-2M,0
1.3225,2.46,0.37,VEPP-2M,0
1.2769,2.48,0.37,VEPP-2M,0
1.2321,1.33,0.3,VEPP-2M,0
1.1881,2.58,0.36,VEPP-2M,0
1.1449,2.53,0.35,VEPP-2M,0
1.1025,2.46,0.33,VEPP-2M,0
1.056784,2.73,0.36,VEPP-2M,0
1.0404,2.75,0.42,VEPP-2M,0
1,3.17,0.6,VEPP-2M,0
0.9604,3.2,0.65,VEPP-2M,0
0.9216,4.15,0.84,VEPP-2M,0
0.8836,4.63,1.0,VEPP-2M,0
0.8464,5.29,0.88,VEPP-2M,0
0.81,6.66,0.85,VEPP-2M,0
0.7744,9.25,1.12,VEPP-2M,0
0.7396,11.2,1.2,VEPP-2M,0
0.7056,13.8,1.3,VEPP-2M,0
0.6724,20.3,2.5,VEPP-2M,0
0.64,33.7,3.1,VEPP-2M,0
0.6084,33.8,3.8,VEPP-2M,0
1.8225,0.53,0.07,DM-2,0
1.946025,0.54,0.12,DM-2,0
2.030625,0.21,0.05,DM-2,0
2.175625,0.15,0.04,DM-2,0
2.325625,0.08,0.05,DM-2,0
2.480625,0.06,0.04,DM-2,0
2.640625,0.08,0.02,DM-2,0
2.805625,0.12,0.03,DM-2,0
2.975625,0.33,0.06,DM-2,0
3.150625,0.22,0.05,DM-2,0
3.330625,0.31,0.07,DM-2,0
3.515625,0.28,0.08,DM-2,0
3.705625,0.21,0.06,DM-2,0
3.900625,0.03,0.03,DM-2,0
4.100625,0.11,0.04,DM-2,0
4.305625,0.08,0.03,DM-2,0
4.515625,0.07,0.03,DM-2,0
14.227,0.0042,0.0022,CLEO-c,0
17.3889,0.0023,0.0014,CLEO-c,0
0.105,1.63,0.3244996148,KLOE,0
0.115,1.92,0.316227766,KLOE,0
0.125,1.89,0.288444102,KLOE,0
0.135,1.74,0.2641968963,KLOE,0
0.145,1.78,0.2594224354,KLOE,0
0.155,2.02,0.2641968963,KLOE,0
0.165,2.21,0.2906888371,KLOE,0
0.175,2.32,0.2683281573,KLOE,0
0.185,2.38,0.2549509757,KLOE,0
0.195,2.75,0.2863564213,KLOE,0
0.205,2.72,0.2640075756,KLOE,0
0.215,2.81,0.2549509757,KLOE,0
0.225,2.97,0.2459674775,KLOE,0
0.235,3.31,0.2549509757,KLOE,0
0.245,3.32,0.2459674775,KLOE,0
0.255,3.52,0.2370653918,KLOE,0
0.265,4.1,0.2505992817,KLOE,0
0.275,4.18,0.2418677324,KLOE,0
0.285,4.49,0.2418677324,KLOE,0
0.295,4.78,0.2418677324,KLOE,0
0.305,5.1,0.2469817807,KLOE,0
0.315,5.36,0.2469817807,KLOE,0
0.325,5.53,0.2418677324,KLOE,0
0.335,5.79,0.2469817807,KLOE,0
0.345,6.44,0.2469817807,KLOE,0
0.355,7.13,0.2607680962,KLOE,0
0.365,7.79,0.2607680962,KLOE,0
0.375,8.43,0.2662705391,KLOE,0
0.385,9.47,0.2745906044,KLOE,0
0.395,10.02,0.2745906044,KLOE,0
0.405,10.94,0.2745906044,KLOE,0
0.415,11.83,0.2745906044,KLOE,0
0.425,13.4,0.288444102,KLOE,0
0.435,14.62,0.2941088234,KLOE,0
0.445,15.64,0.2941088234,KLOE,0
0.455,17.21,0.3023243292,KLOE,0
0.465,19.55,0.316227766,KLOE,0
0.475,20.64,0.316227766,KLOE,0
0.485,23.9,0.3440930107,KLOE,0
0.495,25.3,0.35,KLOE,0
0.505,27.65,0.3640054945,KLOE,0
0.515,31.24,0.398246155,KLOE,0
0.525,32.64,0.398246155,KLOE,0
0.535,35.84,0.4327817002,KLOE,0
0.545,38.49,0.453431362,KLOE,0
0.555,40.59,0.4601086828,KLOE,0
0.565,41.68,0.4669047012,KLOE,0
0.575,42.71,0.4738143096,KLOE,0
0.585,43.38,0.4738143096,KLOE,0
0.595,42.94,0.4666904756,KLOE,0
0.605,43.42,0.911811384,KLOE,0
0.615,34.09,0.8348652586,KLOE,0
0.625,29.81,0.339705755,KLOE,0
0.635,29.08,0.3255764119,KLOE,0
0.645,27.91,0.3182766093,KLOE,0
0.655,25.77,0.29,KLOE,0
0.665,23.68,0.2758622845,KLOE,0
0.675,22.25,0.2617250466,KLOE,0
0.685,20.84,0.2545584412,KLOE,0
0.695,18.91,0.2334523506,KLOE,0
0.705,17.32,0.219317122,KLOE,0
0.715,15.92,0.2051828453,KLOE,0
0.725,14.64,0.1910497317,KLOE,0
0.735,13.53,0.1843908891,KLOE,0
0.745,12.42,0.1702938637,KLOE,0
0.755,11.49,0.1562049935,KLOE,0
0.765,10.67,0.15,KLOE,0
0.775,9.97,0.142126704,KLOE,0
0.785,9.27,0.1360147051,KLOE,0
0.795,8.62,0.1280624847,KLOE,0
0.805,8.23,0.1220655562,KLOE,0
0.815,7.64,0.1140175425,KLOE,0
0.825,7.13,0.1081665383,KLOE,0
0.835,6.69,0.1,KLOE,0
0.845,6.28,0.09433981132,KLOE,0
0.16,2.04,0.2659718188,OLYA,0
0.1936,3.87,0.9830798282,OLYA,0
0.41293476,12.24,1.333607213,OLYA,0
0.43903876,14.96,1.963867412,OLYA,0
0.45914176,17.71,1.146447927,OLYA,0
0.47279376,21.64,1.784058116,OLYA,0
0.48664576,23.96,1.421629544,OLYA,0
0.50069776,26.0,1.32438665,OLYA,0
0.51494976,29.35,1.503953457,OLYA,0
0.52940176,33.62,2.254902889,OLYA,0
0.54405376,37.88,2.062966563,OLYA,0
0.55890576,41.02,1.921516235,OLYA,0
0.57395776,42.48,1.951635376,OLYA,0
0.58920976,43.68,2.238907734,OLYA,0
0.59845696,44.52,3.143143115,OLYA,0
0.60155536,44.51,2.670191783,OLYA,0
0.60466176,43.05,2.549447783,OLYA,0
0.60777616,40.58,2.591366095,OLYA,0
0.61089856,38.62,2.209707456,OLYA,0
0.61402896,32.86,2.212701372,OLYA,0
0.61716736,29.41,1.945871774,OLYA,0
0.62031376,30.1,2.107727686,OLYA,0
0.62346816,28.73,1.905534214,OLYA,0
0.62663056,30.65,2.112220632,OLYA,0
0.63616576,27.9,1.505176402,OLYA,0
0.65221776,26.1,1.384931767,OLYA,0
0.66846976,22.9,1.1231901,OLYA,0
0.68492176,20.1,1.092710392,OLYA,0
0.70157376,17.71,0.8685291298,OLYA,0
0.71842576,15.16,1.020765332,OLYA,0
0.73547776,13.44,0.7917453095,OLYA,0
0.75272976,11.92,0.6633825081,OLYA,0
0.77018176,10.28,0.5288482973,OLYA,0
0.78783376,8.92,0.5759539865,OLYA,0
0.80568576,7.85,0.422469509,OLYA,0
0.82373776,7.4,0.3962033337,OLYA,0
0.84198976,6.37,0.4188749936,OLYA,0
0.86044176,5.65,0.4438690934,OLYA,0
0.87909376,4.94,0.3369320535,OLYA,0
0.89794576,4.42,0.3169237896,OLYA,0
0.91699776,4.51,0.2951130429,OLYA,0
0.93624976,3.84,0.2876654697,OLYA,0
0.95570176,3.8,0.2544593924,OLYA,0
0.97535376,3.19,0.2489282285,OLYA,0
0.99520576,3.35,0.2200333907,OLYA,0
1.01324356,3.16,0.2156724331,OLYA,0
1.138489,2.25,0.2052123352,OLYA,0
1.159929,2.13,0.2578050995,OLYA,0
1.181569,2.02,0.1923969035,OLYA,0
1.203409,1.82,0.1891762989,OLYA,0
1.225449,2.01,0.2011777408,OLYA,0
1.247689,1.57,0.1855748871,OLYA,0
1.270129,1.5,0.1755153056,OLYA,0
1.292769,1.58,0.194897847,OLYA,0
1.327104,1.47,0.1935511248,OLYA,0
1.361889,1.11,0.1707812622,OLYA,0
1.385329,1.33,0.1918912452,OLYA,0
1.408969,1.38,0.2303202587,OLYA,0
1.432809,1.15,0.1712159528,OLYA,0
1.456849,1.34,0.2299370826,OLYA,0
1.481089,0.76,0.1487402289,OLYA,0
1.505529,0.86,0.1875611568,OLYA,0
1.530169,1.26,0.210108441,OLYA,0
1.555009,0.85,0.1589320638,OLYA,0
1.580049,0.87,0.1496903413,OLYA,0
1.605289,0.67,0.1386385153,OLYA,0
1.630729,0.44,0.1091283229,OLYA,0
1.656369,0.61,0.1195605918,OLYA,0
1.682209,0.67,0.1575456693,OLYA,0
1.708249,0.67,0.1386385153,OLYA,0
1.734489,0.69,0.138779061,OLYA,0
1.760929,0.45,0.1372042843,OLYA,0
1.787569,0.68,0.1481132307,OLYA,0
1.814409,0.34,0.09047693985,OLYA,0
1.841449,0.41,0.1089378254,OLYA,0
1.868689,0.26,0.08129572929,OLYA,0
1.896129,0.3,0.099216418,OLYA,0
1.923769,0.39,0.09971839209,OLYA,0
1.951609,0.2,0.08102246602,OLYA,0
1.44,1.179396,0.132,FRASCATI,0
1.69,0.715716,0.125,FRASCATI,0
1.96,0.636804,0.112,FRASCATI,0
2.89,0.130321,0.064,FRASCATI,0
3.4225,0.071289,0.072,FRASCATI,0
3.61,0.121801,0.049,FRASCATI,0
3.7636,0.064009,0.105,FRASCATI,0
3.9204,0.097344,0.09,FRASCATI,0
4.41,0.030276,0.031,FRASCATI,0
6.76,0.051529,0.064,FRASCATI,0
7.84,0.017689,0.063,FRASCATI,0
9,0.016641,0.064,FRASCATI,0
0.093025,1.6689557574805278,0.176741945112891,BABAR,0
0.09922500000000001,1.629559727912988,0.13386596496370842,BABAR,0
0.10562500000000001,1.6470742380806613,0.11032289069086708,BABAR,0
0.11222500000000002,1.5835447893838244,0.09582619489283281,BABAR,0
0.11902499999999998,1.739826385170288,0.09452012061937527,BABAR,0
0.126025,1.8509591191302246,0.09505688660499066,BABAR,0
0.13322499999999998,1.8397297659743086,0.0888614133635874,BABAR,0
0.140625,1.8788059730908833,0.08761153767389013,BABAR,0
0.148225,2.1406692331613657,0.09027090452182705,BABAR,0
0.15602500000000002,2.124314319185868,0.08050195177497146,BABAR,0
0.16402500000000003,2.3485815537127803,0.08140909522530732,BABAR,0
0.172225,2.3098649322930536,0.07638367250448559,BABAR,0
0.18062499999999998,2.4770085610315262,0.08091231922164697,BABAR,0
0.189225,2.4972647216999957,0.07411988993732259,BABAR,0
0.198025,2.646205002951805,0.07894488919775842,BABAR,0
0.20702500000000001,2.6867881676267102,0.07370552318296446,BABAR,0
0.21622499999999992,2.918584499146305,0.07899345683559494,BABAR,0
0.225625,3.1637769064682777,0.08416329900120718,BABAR,0
0.235225,3.3211510225135177,0.0851734290358921,BABAR,0
0.245025,3.4216681094681696,0.08206026445568572,BABAR,0
0.251001,3.4417594640355507,0.09984433242070595,BABAR,0
0.253009,3.510053380827354,0.09176930340218477,BABAR,0
0.255025,3.595602505473448,0.09151266276732786,BABAR,0
0.257049,3.579974650467096,0.09761183043739044,BABAR,0
0.259081,3.600513224298852,0.10870363371119117,BABAR,0
0.261121,3.6617272187440126,0.10451363043022248,BABAR,0
0.263169,3.8696173543285006,0.1174643375079302,BABAR,0
0.265225,3.8081157786217212,0.11006938646105621,BABAR,0
0.267289,3.878346126648853,0.0933181671261377,BABAR,0
0.269361,3.9580049993405995,0.10017175551702033,BABAR,0
0.27144100000000004,3.877012481362484,0.10334063377494311,BABAR,0
0.273529,4.023893208597517,0.1164292751353787,BABAR,0
0.275625,4.168676449077566,0.12355127705030282,BABAR,0
0.277729,4.146241241079111,0.0993103955607558,BABAR,0
0.279841,4.25853251228886,0.098845158321468,BABAR,0
0.281961,4.25189377116205,0.12426292424803854,BABAR,0
0.28408900000000004,4.346583688882744,0.12425363666026297,BABAR,0
0.286225,4.510494489361165,0.1071967781020813,BABAR,0
0.28836900000000004,4.64027897677347,0.10397354373262019,BABAR,0
0.29052100000000003,4.624982536970208,0.11184538475989408,BABAR,0
0.292681,4.7674359426616295,0.12913925663973314,BABAR,0
0.294849,4.900364049485062,0.12343548221263553,BABAR,0
0.29702500000000004,4.858016889455287,0.12388379249485025,BABAR,0
0.29920900000000006,5.081397811174244,0.1350285838200434,BABAR,0
0.30140100000000003,5.126112952960739,0.11371355208466402,BABAR,0
0.30360100000000007,5.153998653440727,0.12338126616234611,BABAR,0
0.30580900000000005,5.146024853069512,0.13358904480912176,BABAR,0
0.30802500000000005,5.3664970115577715,0.13259382097575384,BABAR,0
0.31024900000000005,5.32030853497165,0.1381382834070038,BABAR,0
0.31248100000000006,5.287358754957014,0.10819701250087431,BABAR,0
0.3147210000000001,5.4977895268865025,0.13216153093336602,BABAR,0
0.31696899999999995,5.632922138671337,0.13882887392363222,BABAR,0
0.3192249999999999,5.683323168557934,0.14078480115545372,BABAR,0
0.32148899999999997,5.651343529667752,0.1324633644478073,BABAR,0
0.32376099999999997,5.938076289655132,0.14055555895884872,BABAR,0
0.32604099999999997,5.844630840367321,0.1347951102074976,BABAR,0
0.3283289999999999,5.850847683104159,0.14440449923061097,BABAR,0
0.33062499999999995,6.067756936012225,0.11768474454737383,BABAR,0
0.332929,6.323282473301428,0.14948420574897278,BABAR,0
0.33524099999999996,6.164771142856422,0.1415183753720187,BABAR,0
0.33756099999999994,6.422613789230385,0.15254162939776253,BABAR,0
0.33988899999999994,6.469119742645621,0.13445538074907673,BABAR,0
0.34222499999999995,6.667541101924902,0.1410752157762027,BABAR,0
0.34456899999999996,6.7601435536646,0.13383964775899587,BABAR,0
0.346921,6.773235071851451,0.1502953611356194,BABAR,0
0.34928099999999995,6.766250772809437,0.13979697828715926,BABAR,0
0.351649,7.100500305796938,0.13022063417813348,BABAR,0
0.354025,7.325034597178755,0.16467460204118523,BABAR,0
0.356409,7.645161213575018,0.16164123152269047,BABAR,0
0.358801,7.896061596919278,0.18154430074974245,BABAR,0
0.361201,7.793771159859392,0.14520775812515482,BABAR,0
0.36360899999999996,8.002501022391012,0.1253434533112837,BABAR,0
0.366025,8.125933997568389,0.14216461236283606,BABAR,0
0.36844899999999997,8.274177090218021,0.16172886061727412,BABAR,0
0.37088099999999996,8.382048277448705,0.1633228031549317,BABAR,0
0.37332099999999996,8.540822844849677,0.13934945565919485,BABAR,0
0.37576899999999996,8.66165400278383,0.13019597240050626,BABAR,0
0.378225,8.810326317010754,0.16800258954478445,BABAR,0
0.380689,9.061161320761775,0.17623615506510973,BABAR,0
0.383161,9.26065390909168,0.1328531095914219,BABAR,0
0.385641,9.410359217543983,0.16820091006541657,BABAR,0
0.388129,9.818832072536626,0.16671181828905438,BABAR,0
0.390625,9.793939807438194,0.16897796427582723,BABAR,0
0.393129,10.169471476189903,0.18154096809946066,BABAR,0
0.395641,10.362951323736912,0.16820936041825607,BABAR,0
0.398161,11.004192603152624,0.1820185223419007,BABAR,0
0.400689,11.03443131653025,0.172045918740807,BABAR,0
0.403225,11.31932116699125,0.18764213373043034,BABAR,0
0.405769,11.509575523275627,0.19446696151400156,BABAR,0
0.408321,11.381443243428928,0.1877657421135324,BABAR,0
0.410881,12.000323353160423,0.1806467603311605,BABAR,0
0.413449,12.237113941588323,0.20201940461663892,BABAR,0
0.41602500000000003,12.39278863566559,0.16385034071873053,BABAR,0
0.418609,12.655141394464167,0.20262444071320845,BABAR,0
0.42120100000000005,13.360681203425582,0.19576975997807855,BABAR,0
0.42380100000000004,13.63609548854221,0.19380727304703335,BABAR,0
0.42640900000000004,13.871475629069515,0.21188474332575977,BABAR,0
0.42902500000000005,14.075876038937308,0.21626424113175646,BABAR,0
0.43164900000000006,14.440658585108794,0.21911535795606324,BABAR,0
0.43428100000000003,14.786286966726927,0.22336783288977416,BABAR,0
0.43692100000000006,15.026928101252432,0.20874868553447945,BABAR,0
0.43956900000000004,15.481562708388457,0.21947552598069187,BABAR,0
0.44222500000000003,15.98642274794927,0.20432069199642713,BABAR,0
0.44488900000000003,16.1252433733036,0.21368107756678156,BABAR,0
0.44756100000000004,16.554029702733803,0.23453857171130968,BABAR,0
0.45024100000000006,17.080274697717005,0.2381500486586474,BABAR,0
0.4529290000000001,17.89911739288142,0.23123810249094767,BABAR,0
0.45562500000000006,18.15409904420781,0.25652631697464456,BABAR,0
0.45832900000000004,18.713598151967847,0.2582868150603352,BABAR,0
0.4610410000000001,19.28420466932908,0.25397333807206546,BABAR,0
0.4637610000000001,19.820171636820987,0.2547737972886691,BABAR,0
0.4664890000000001,20.18091270913662,0.27193738853845056,BABAR,0
0.46922500000000006,20.963785921434347,0.281827050022264,BABAR,0
0.4719690000000001,21.56532765929664,0.25946074957090626,BABAR,0
0.47472099999999995,21.810434428269073,0.2649115999718982,BABAR,0
0.47748099999999993,22.93520119467157,0.3010192314945448,BABAR,0
0.4802489999999999,23.142007952804033,0.25896227996942744,BABAR,0
0.4830249999999999,24.04466130450225,0.27781731023547407,BABAR,0
0.48580899999999994,24.78714704450811,0.30439108715684193,BABAR,0
0.48860099999999995,25.06313962825024,0.30612459919349533,BABAR,0
0.4914009999999999,25.66416703009324,0.3161266514625446,BABAR,0
0.49420899999999995,25.990333993097426,0.32648211143226497,BABAR,0
0.49702499999999994,26.75392257929005,0.3093802438126775,BABAR,0
0.49984899999999993,28.041019975011178,0.3401858749727651,BABAR,0
0.5026809999999999,28.121744149153074,0.3298788188841271,BABAR,0
0.505521,29.157140370763997,0.35199342800310496,BABAR,0
0.508369,30.06559728989425,0.3533089267117912,BABAR,0
0.5112249999999999,30.510424493893453,0.36815500233273374,BABAR,0
0.5140889999999999,31.598356016848854,0.35928861196350625,BABAR,0
0.516961,32.290171761847624,0.3512068447185828,BABAR,0
0.519841,32.84282264428161,0.38866989235210314,BABAR,0
0.522729,33.8563892653638,0.3972972897045725,BABAR,0
0.525625,34.037846314260364,0.3897902234865805,BABAR,0
0.5285289999999999,35.0408630152536,0.35929653977043025,BABAR,0
0.5314409999999999,35.688740489449614,0.40696625376916706,BABAR,0
0.534361,36.11019904956968,0.38807132838686137,BABAR,0
0.537289,37.410674448041526,0.3935131633734676,BABAR,0
0.540225,37.96829576589619,0.4291405160307799,BABAR,0
0.543169,38.993484207605476,0.3888754489192819,BABAR,0
0.546121,40.12113809890797,0.45029074677754705,BABAR,0
0.549081,40.2956364594258,0.3961223940289033,BABAR,0
0.552049,40.841220744117,0.4537598560540431,BABAR,0
0.555025,41.0566425930822,0.40121255124485794,BABAR,0
0.558009,41.64550361643166,0.4621713663388462,BABAR,0
0.561001,42.56242328853965,0.46231701968925937,BABAR,0
0.564001,42.773548463891345,0.4244069767245817,BABAR,0
0.567009,43.11400181226085,0.4463556798029753,BABAR,0
0.570025,43.78129005835333,0.45094825399072735,BABAR,0
0.573049,43.05922162690804,0.473524112706017,BABAR,0
0.5760810000000001,43.34774778673253,0.4380015826077768,BABAR,0
0.579121,43.756781694549524,0.4592096953710927,BABAR,0
0.582169,44.146334575174684,0.443103138010867,BABAR,0
0.585225,44.022880360932525,0.4586088645786267,BABAR,0
0.5882890000000001,44.004317914777864,0.435166561947753,BABAR,0
0.591361,44.45865126466793,0.49140057387882863,BABAR,0
0.594441,44.37142551137382,0.48947071185060176,BABAR,0
0.597529,44.9797700710956,0.4911331897234154,BABAR,0
0.6006250000000001,45.37840393457156,0.5011912246080303,BABAR,0
0.6037290000000001,45.62597920031992,0.5065654116874185,BABAR,0
0.6068410000000001,45.04127435500722,0.4455042356981635,BABAR,0
0.6099610000000001,41.196648534161184,0.4655547038410663,BABAR,0
0.613089,34.135114691564624,0.3963377881098573,BABAR,0
0.616225,30.102162027451474,0.35312823464565524,BABAR,0
0.6193690000000001,29.025231045175826,0.35001974479747766,BABAR,0
0.6225210000000001,29.134186263343693,0.3418775080579919,BABAR,0
0.625681,28.93052396364048,0.309630270528852,BABAR,0
0.6288490000000001,29.043794102299,0.31642347417003513,BABAR,0
0.6320250000000001,29.42779470052456,0.3604487875870191,BABAR,0
0.635209,28.99215570200577,0.35070742309807457,BABAR,0
0.6384010000000001,28.112072046751337,0.31828359245196963,BABAR,0
0.6416010000000001,27.823548836287095,0.31287033563373146,BABAR,0
0.6448090000000001,27.44801962962837,0.3408840049916896,BABAR,0
0.6480250000000001,27.023077927011027,0.3068646219469826,BABAR,0
0.6512490000000001,26.207594576417023,0.28689845645385637,BABAR,0
0.6544810000000001,25.542041759812133,0.31025043825425724,BABAR,0
0.6577210000000001,24.78043404666834,0.3178919004375046,BABAR,0
0.6609689999999999,24.152751724955902,0.3057303117459783,BABAR,0
0.664225,24.028454405845775,0.3081800048375026,BABAR,0
0.6674889999999999,23.11090882345528,0.3071815795545198,BABAR,0
0.6707609999999999,22.27765591532862,0.2699305196000026,BABAR,0
0.6740409999999999,22.182277380337457,0.26133450627667754,BABAR,0
0.677329,21.740979901007133,0.2925055285849969,BABAR,0
0.6806249999999999,20.606758270845933,0.2868098701898705,BABAR,0
0.6839289999999999,20.575201401352718,0.27751482701354785,BABAR,0
0.6872409999999999,20.07259513887989,0.2611411130802402,BABAR,0
0.690561,19.278803662452113,0.269474377668421,BABAR,0
0.693889,18.835599252090528,0.2643858367969464,BABAR,0
0.697225,18.290907033333436,0.2567277085022051,BABAR,0
0.700569,17.91489047061145,0.2619778838111335,BABAR,0
0.7039209999999999,17.439326815058017,0.22594853165231873,BABAR,0
0.7072809999999999,16.90918789960621,0.24440954777123447,BABAR,0
0.710649,16.372043898280133,0.24732393726134658,BABAR,0
0.7140249999999999,16.0364475886416,0.21265134382892886,BABAR,0
0.717409,15.752153675714345,0.24222240856132807,BABAR,0
0.7208009999999999,14.93505688645219,0.19981976143300817,BABAR,0
0.724201,14.724660530633887,0.21928590380287,BABAR,0
0.727609,14.528509510376816,0.227960355876592,BABAR,0
0.7310249999999999,13.503443732249956,0.21707795516694064,BABAR,0
0.734449,13.299044006273977,0.1914936556852273,BABAR,0
0.737881,13.234117781245311,0.191259065586215,BABAR,0
0.741321,12.715425682193931,0.19540596669406357,BABAR,0
0.744769,12.753970909477232,0.21255961469536352,BABAR,0
0.748225,12.217007438997227,0.20863514653333576,BABAR,0
0.7516889999999999,12.070477480963591,0.17683098836145927,BABAR,0
0.755161,11.72708125796156,0.19311990205623364,BABAR,0
0.758641,11.232034951797655,0.19897282081093945,BABAR,0
0.762129,10.850993748727364,0.19056007843810424,BABAR,0
0.765625,10.888088919822957,0.16812570740726596,BABAR,0
0.769129,10.505512875130554,0.15873115363156323,BABAR,0
0.772641,10.136588405497918,0.1897584031135961,BABAR,0
0.776161,9.914901705531587,0.15313561030306563,BABAR,0
0.779689,9.861777450794413,0.18654260131188058,BABAR,0
0.7832250000000001,9.650691479202838,0.14816148291791312,BABAR,0
0.786769,9.528193591493453,0.15643765259167267,BABAR,0
0.790321,8.939455853808028,0.14177138318599627,BABAR,0
0.7938810000000001,9.028463098673711,0.1713154138224505,BABAR,0
0.7974490000000001,8.726749373691499,0.17367975696537627,BABAR,0
0.801025,8.50063610858288,0.1546984469029987,BABAR,0
0.804609,8.614381705754672,0.16606716297498278,BABAR,0
0.8082010000000001,8.349878435712128,0.14297601850660158,BABAR,0
0.811801,8.121211899809378,0.143712837205184,BABAR,0
0.815409,8.004698623515951,0.16872988027967056,BABAR,0
0.819025,7.691853247873738,0.14990796998688988,BABAR,0
0.8226490000000001,7.422085021993916,0.13307102734768467,BABAR,0
0.826281,7.064577102331737,0.15567439927169968,BABAR,0
0.829921,7.088785258414466,0.147751683753705,BABAR,0
0.8335690000000001,6.922884389360825,0.15305891277835731,BABAR,0
0.8372250000000001,6.610757946986051,0.13865558499312491,BABAR,0
0.8408890000000001,6.602742285482389,0.12389853570999652,BABAR,0
0.8445610000000001,6.525538232825474,0.15410942500648403,BABAR,0
0.848241,6.122997345792247,0.11643676601554885,BABAR,0
0.851929,6.314448839392415,0.14600215822606005,BABAR,0
0.8556250000000001,6.038938421752737,0.1449529674323034,BABAR,0
0.8593290000000001,5.868651360441975,0.1435323528098795,BABAR,0
0.8630410000000001,5.854996488441667,0.11496748599332246,BABAR,0
0.8667610000000001,5.666165150012017,0.13808997595248657,BABAR,0
0.8704890000000001,5.642052364549809,0.1395732970227491,BABAR,0
0.8742250000000001,5.3430828127936225,0.13174901584793444,BABAR,0
0.8779690000000001,5.234237505630122,0.12520137685111696,BABAR,0
0.8817209999999999,5.104751121838876,0.11368639985443732,BABAR,0
0.8854809999999999,5.204185675874267,0.10922607711571995,BABAR,0
0.889249,5.059990956142003,0.12360866075927862,BABAR,0
0.893025,4.873596443509106,0.10226653298421318,BABAR,0
0.8968089999999999,5.014081372345295,0.1194519985046068,BABAR,0
0.9006009999999999,4.717136553494786,0.1230342199501543,BABAR,0
0.9044009999999999,4.762578952108706,0.12574721391760912,BABAR,0
0.9082089999999999,4.734042205533916,0.12448543333944721,BABAR,0
0.912025,4.544108262681639,0.12199969547147774,BABAR,0
0.9158489999999999,4.576048599736552,0.1243293691041591,BABAR,0
0.919681,4.317356896292087,0.10314834338765187,BABAR,0
0.9235209999999999,4.291626253198087,0.1236980511563887,BABAR,0
0.9273689999999999,4.205144369388735,0.0953292229247656,BABAR,0
0.931225,4.027880963248982,0.10237726608650367,BABAR,0
0.935089,3.9652627664999027,0.10477974859881796,BABAR,0
0.9389609999999999,3.9155371192474338,0.11453984119732491,BABAR,0
0.9428409999999999,3.911375715821253,0.11795610922469271,BABAR,0
0.9467289999999999,4.071467452048308,0.11853503587549409,BABAR,0
0.9506249999999999,3.788413053676762,0.08709140151957259,BABAR,0
0.954529,3.6532904854376564,0.10366175647660891,BABAR,0
0.958441,3.709096702282659,0.10663207058313058,BABAR,0
0.962361,3.556642089703877,0.09876587928900879,BABAR,0
0.966289,3.631218368159021,0.09178411255819433,BABAR,0
0.970225,3.4029752884729465,0.11054709008014207,BABAR,0
0.974169,3.4994014041622976,0.10053158877874711,BABAR,0
0.978121,3.284536729546405,0.0973368069361702,BABAR,0
0.982081,3.4049406029495826,0.11025693641941867,BABAR,0
0.986049,3.268195006983492,0.08821140874673183,BABAR,0
0.990025,3.2704160187496654,0.08734782768524199,BABAR,0
0.994009,3.198744779280971,0.0939744964426847,BABAR,0
0.998001,3.1875590016599618,0.10714732918269472,BABAR,0
1.0100249999999997,3.1199570256899345,0.08287015912160213,BABAR,0
1.0302249999999997,2.9623461355542724,0.07911171206133473,BABAR,0
1.050625,2.3178133346078544,0.06316114661266302,BABAR,0
1.0712249999999999,2.362610275143032,0.07179787321654192,BABAR,0
1.0920249999999998,2.234448459707613,0.06690035780457171,BABAR,0
1.1130250000000004,2.0987704334873287,0.06178783865308833,BABAR,0
1.1342249999999998,2.0274363483055007,0.06732015624035122,BABAR,0
1.1556250000000003,1.9717882243781426,0.06803988881323494,BABAR,0
1.177225,1.8044266189146405,0.06021402384709549,BABAR,0
1.1990250000000005,1.808536723977114,0.05974697088609983,BABAR,0
1.221025,1.6351056251589373,0.058701899838979575,BABAR,0
1.2432250000000005,1.5914771361899354,0.060530531509535766,BABAR,0
1.265625,1.466851145378894,0.0580991498370604,BABAR,0
1.2882249999999995,1.383435878971928,0.05190194468717932,BABAR,0
1.311025,1.3915257521931041,0.05586911941905643,BABAR,0
1.3340249999999996,1.3301281532415234,0.055416963258913,BABAR,0
1.3572250000000001,1.2080211390126854,0.05306831134954415,BABAR,0
1.3806249999999995,1.132351674333541,0.04702024243706571,BABAR,0
1.404225,1.11816592279407,0.05172399180769241,BABAR,0
1.4280249999999997,1.045227407167137,0.04806462109456647,BABAR,0
1.4520250000000001,0.965106541998652,0.04491715275131198,BABAR,0
1.4762250000000001,0.9147999006122053,0.046343907962525833,BABAR,0
1.5006250000000003,0.8491144503263134,0.041862863302713445,BABAR,0
1.5252250000000003,0.8207847315652872,0.040665759701244204,BABAR,0
1.5500250000000002,0.8348665593251836,0.0462062173729301,BABAR,0
1.5750249999999997,0.7702802204213168,0.040854907131838133,BABAR,0
1.6002249999999998,0.7813523129366278,0.045168182882093295,BABAR,0
1.6256249999999999,0.6918506207947727,0.04139674800427911,BABAR,0
1.6512249999999997,0.6590382122875285,0.041209383949506434,BABAR,0
1.6770249999999998,0.6032441672290018,0.0377244044494864,BABAR,0
1.7030250000000005,0.5732359585138563,0.03767043606524068,BABAR,0
1.7292249999999998,0.5756069037193804,0.036733218228978966,BABAR,0
1.7556250000000004,0.48642741292318414,0.03218107286892927,BABAR,0
1.782225,0.49871290929821593,0.034265072706678584,BABAR,0
1.8090250000000005,0.42733593637350453,0.03340111173162558,BABAR,0
1.836025,0.444826805341803,0.032001198085839434,BABAR,0
1.8632250000000006,0.38618729129194257,0.03261871588950704,BABAR,0
1.890625,0.3580500735627992,0.02916291777163258,BABAR,0
1.9182249999999994,0.262816218992997,0.02806464733218858,BABAR,0
1.9460250000000001,0.2260963184826556,0.022160197980190657,BABAR,0
2.0306249999999997,0.19014702595851762,0.014490051195435883,BABAR,0
2.175625,0.07551656711289492,0.01084646925327125,BABAR,0
2.3256249999999996,0.01461381765402592,0.007168159564408613,BABAR,0
2.4806250000000007,0.00528959708074079,0.007173020578540411,BABAR,0
2.640625,0.02067188263711995,0.007714365255041048,BABAR,0
2.8056249999999996,0.08296782040182754,0.010562700903671245,BABAR,0
2.9756250000000004,0.15541234327197387,0.01307435498525904,BABAR,0
3.150625,0.19440853333159638,0.014723135269887886,BABAR,0
3.330625,0.20832855874829023,0.016300839720916546,BABAR,0
3.515625,0.20395740626024003,0.01595946330164251,BABAR,0
3.7056250000000004,0.15182723542148321,0.014018111003726588,BABAR,0
3.9006250000000002,0.11445217396380344,0.012446951195575933,BABAR,0
4.100625,0.05610721755963234,0.009065228861195035,BABAR,0
4.305625000000001,0.042594316407317145,0.008820525979170202,BABAR,0
4.515625,0.028208634186278794,0.008500864360551924,BABAR,0
4.730624999999999,0.019796412943623984,0.008352621019414442,BABAR,0
4.9506250000000005,0.026593230442191015,0.00804579709363448,BABAR,0
5.175624999999999,0.04942944301398405,0.010638587322121387,BABAR,0
5.405625000000001,0.026492510041848348,0.007904270530454779,BABAR,0
5.640625,0.03403672196306894,0.009449348814725495,BABAR,0
5.880624999999999,0.02243969560608995,0.008017034732470901,BABAR,0
6.125625,0.012388635357790476,0.009276824345091866,BABAR,0
6.5024999999999995,0.014529960585623067,0.005682236107718636,BABAR,0
7.022500000000002,0.007962342666845456,0.004494772198435019,BABAR,0
7.5625,0.004932857648798212,0.0049940540900489895,BABAR,0
8.122499999999999,0.003484391734895525,0.005032386180848239,BABAR,0
8.7025,0.0041549099811017025,0.005026108646087106,BABAR,0
0.27573001,4.4,0.1,SND,0
0.295936,5.0,0.1,SND,0
0.31945104,5.5,0.1,SND,0
0.342225,6.2,0.1,SND,0
0.36578304,8.3,0.1,SND,0
0.39037504,9.7,0.1,SND,0
0.41550916,12.1,0.1,SND,0
0.44156025,15.3,0.1,SND,0
0.46840336,19.5,0.2,SND,0
0.49589764,25.4,0.2,SND,0
0.52432081,34.2,0.3,SND,0
0.54626881,39.1,0.3,SND,0
0.55323844,41.3,0.3,SND,0
0.55905529,42.0,0.3,SND,0
0.56505289,41.7,0.3,SND,0
0.57108249,43.5,0.4,SND,0
0.57699216,45.2,0.4,SND,0
0.58308496,44.5,0.4,SND,0
0.58951684,44.2,0.4,SND,0
0.59536656,45.9,0.4,SND,0
0.60171049,46.2,0.4,SND,0
0.60621796,45.0,0.4,SND,0
0.60949249,42.3,0.3,SND,0
0.611524,38.2,0.3,SND,0
0.61293241,36.0,0.3,SND,0
0.61418569,33.7,0.3,SND,0
0.61575409,31.9,0.3,SND,0
0.61889689,30.4,0.2,SND,0
0.62331025,31.7,0.3,SND,0
0.63027721,30.7,0.2,SND,0
0.63632529,29.8,0.2,SND,0
0.646416,28.6,0.2,SND,0
0.67535524,22.8,0.2,SND,0
0.71132356,17.1,0.1,SND,0
0.74425129,13.0,0.1,SND,0
0.78004224,10.2,0.1,SND,0
0.36300625,6.9,0.316227766,BESIII,0
0.36905625,7.4,0.316227766,BESIII,0
0.37515625,8.2,0.316227766,BESIII,0
0.38130625,8.7,0.316227766,BESIII,0
0.38750625,9.2,0.316227766,BESIII,0
0.39375625,9.8,0.316227766,BESIII,0
0.40005625,10.4,0.316227766,BESIII,0
0.40640625,11.0,0.316227766,BESIII,0
0.41280625,11.8,0.4123105626,BESIII,0
0.41925625,12.5,0.4123105626,BESIII,0
0.42575625,13.2,0.4123105626,BESIII,0
0.43230625,13.6,0.4123105626,BESIII,0
0.43890625,14.7,0.4123105626,BESIII,0
0.44555625,16.0,0.4123105626,BESIII,0
0.45225625,17.7,0.5385164807,BESIII,0
0.45900625,17.8,0.5385164807,BESIII,0
0.46580625,18.8,0.5385164807,BESIII,0
0.47265625,20.6,0.5385164807,BESIII,0
0.47955625,22.5,0.5385164807,BESIII,0
0.48650625,24.9,0.632455532,BESIII,0
0.49350625,26.2,0.632455532,BESIII,0
0.50055625,26.6,0.632455532,BESIII,0
0.50765625,29.3,0.7615773106,BESIII,0
0.51480625,32.0,0.7615773106,BESIII,0
0.52200625,33.2,0.8544003745,BESIII,0
0.52925625,33.6,0.8544003745,BESIII,0
0.53655625,36.2,0.7615773106,BESIII,0
0.54390625,38.2,0.8544003745,BESIII,0
0.55130625,39.3,0.894427191,BESIII,0
0.55875625,40.9,0.9848857802,BESIII,0
0.56625625,41.8,1.077032961,BESIII,0
0.57380625,43.6,1.077032961,BESIII,0
0.58140625,44.8,1.077032961,BESIII,0
0.58905625,45.0,1.077032961,BESIII,0
0.59675625,45.2,1.077032961,BESIII,0
0.60450625,43.7,1.077032961,BESIII,0
0.61230625,37.1,1.044030651,BESIII,0
0.62015625,30.3,0.9486832981,BESIII,0
0.62805625,30.6,0.8544003745,BESIII,0
0.63600625,30.1,0.8544003745,BESIII,0
0.64400625,27.7,0.8246211251,BESIII,0
0.65205625,25.9,0.7280109889,BESIII,0
0.66015625,25.5,0.7280109889,BESIII,0
0.66830625,24.1,0.7280109889,BESIII,0
0.67650625,22.9,0.632455532,BESIII,0
0.68475625,21.4,0.632455532,BESIII,0
0.69305625,19.8,0.632455532,BESIII,0
0.70140625,18.1,0.5385164807,BESIII,0
0.70980625,16.4,0.5099019514,BESIII,0
0.71825625,16.0,0.5099019514,BESIII,0
0.72675625,15.0,0.5099019514,BESIII,0
0.73530625,14.2,0.5099019514,BESIII,0
0.74390625,13.0,0.5099019514,BESIII,0
0.75255625,12.1,0.4123105626,BESIII,0
0.76125625,11.0,0.4123105626,BESIII,0
0.77000625,10.3,0.4123105626,BESIII,0
0.77880625,10.0,0.4123105626,BESIII,0
0.78765625,9.9,0.4123105626,BESIII,0
0.79655625,8.7,0.4123105626,BESIII,0
0.80550625,7.9,0.316227766,BESIII,0